mysite,nostarch.com,failure,2026-06-19 17:26:52
mysite,nostarch.com,failure,2026-06-19 17:27:12
mysite,nostarch.com,failure,2026-06-19 17:29:00
mysite,nostarch.com,failure,2026-06-19 17:29:31
mysite,nostarch.com,failure,2026-06-19 17:30:28
mysite,nostarch.com,failure,2026-06-19 17:34:43
mysite,nostarch.com,failure,2026-06-19 17:34:45
mysite,nostarch.com,failure,2026-06-19 17:34:53
mysite,nostarch.com,failure,2026-06-19 17:34:55
mysite,nostarch.com,failure,2026-06-19 17:35:03
mysite,nostarch.com,failure,2026-06-19 17:35:05
mysite,nostarch.com,failure,2026-06-19 17:35:13
mysite,nostarch.com,failure,2026-06-19 17:35:15
mysite,nostarch.com,failure,2026-06-19 17:35:23
mysite,nostarch.com,failure,2026-06-19 17:35:25
mysite,nostarch.com,failure,2026-06-19 17:35:33
mysite,nostarch.com,failure,2026-06-19 17:35:35
mysite,nostarch.com,failure,2026-06-19 17:35:43
mysite,nostarch.com,failure,2026-06-19 17:35:45
mysite,nostarch.com,failure,2026-06-19 17:35:53
mysite,nostarch.com,failure,2026-06-19 17:35:55
mysite,nostarch.com,failure,2026-06-19 17:36:03
mysite,nostarch.com,failure,2026-06-19 17:36:05
mysite,nostarch.com,failure,2026-06-19 17:36:13
mysite,nostarch.com,failure,2026-06-19 17:36:15
mysite,nostarch.com,failure,2026-06-19 17:36:23
mysite,nostarch.com,failure,2026-06-19 17:36:25
mysite,nostarch.com,failure,2026-06-19 17:36:33
mysite,nostarch.com,failure,2026-06-19 17:36:35
mysite,nostarch.com,failure,2026-06-19 17:36:43
mysite,nostarch.com,failure,2026-06-19 17:36:45
mysite,nostarch.com,failure,2026-06-19 17:36:53
mysite,nostarch.com,failure,2026-06-19 17:36:55
mysite,nostarch.com,failure,2026-06-19 17:37:03
mysite,nostarch.com,failure,2026-06-19 17:37:05
mysite,nostarch.com,failure,2026-06-19 17:37:13
mysite,nostarch.com,failure,2026-06-19 17:37:15
mysite,nostarch.com,failure,2026-06-19 17:37:23
mysite,nostarch.com,failure,2026-06-19 17:37:25
mysite,nostarch.com,failure,2026-06-19 17:37:33
mysite,nostarch.com,failure,2026-06-19 17:37:35
mysite,nostarch.com,failure,2026-06-19 17:37:43
mysite,nostarch.com,failure,2026-06-19 17:37:45
mysite,nostarch.com,failure,2026-06-19 17:37:53
mysite,nostarch.com,failure,2026-06-19 17:37:55
mysite,nostarch.com,failure,2026-06-19 17:38:03
mysite,nostarch.com,failure,2026-06-19 17:38:05
mysite,nostarch.com,failure,2026-06-19 17:38:13
mysite,nostarch.com,failure,2026-06-19 17:38:15
mysite,nostarch.com,failure,2026-06-19 17:38:23
mysite,nostarch.com,failure,2026-06-19 17:38:25
mysite,nostarch.com,failure,2026-06-19 17:38:33
mysite,nostarch.com,failure,2026-06-19 17:38:35
mysite,nostarch.com,failure,2026-06-19 17:38:43
mysite,nostarch.com,failure,2026-06-19 17:38:45
mysite,nostarch.com,failure,2026-06-19 17:38:53
mysite,nostarch.com,failure,2026-06-19 17:38:55
mysite,nostarch.com,failure,2026-06-19 17:39:03
mysite,nostarch.com,failure,2026-06-19 17:39:05
mysite,nostarch.com,failure,2026-06-19 17:39:13
mysite,nostarch.com,failure,2026-06-19 17:39:15
mysite,nostarch.com,failure,2026-06-19 17:39:23
mysite,nostarch.com,failure,2026-06-19 17:39:25
